sample_id	title	region	region_abbreviation	sex	age_raw	conf_diag	adseverityscore	bisulfite_batch	batch	diagnosis	age_numeric	sentrix_id	sentrix_position	Basename
GSM6543311	participant_11B	middle frontal gyrus	MFG	female	90+	2	2	2019_04_09	Batch_4	AD	NA	203293640029	R06C01	/Users/abdullahhanif/Documents/Developmet Projects/DNA methylation/data/raw/GSE212682/idats/GSM6543311_203293640029_R06C01
GSM6543361	participant_18B	middle frontal gyrus	MFG	female	90+	2	2	2019_04_02	Batch_3	AD	NA	203219720212	R08C01	/Users/abdullahhanif/Documents/Developmet Projects/DNA methylation/data/raw/GSE212682/idats/GSM6543361_203219720212_R08C01
GSM6543416	participant_27B	middle frontal gyrus	MFG	female	90+	2	2	2019_04_23	Batch_6	AD	NA	203257030236	R06C01	/Users/abdullahhanif/Documents/Developmet Projects/DNA methylation/data/raw/GSE212682/idats/GSM6543416_203257030236_R06C01
GSM6543434	participant_30B	middle frontal gyrus	MFG	female	90+	2	3	2019_04_23	Batch_6	AD	NA	203257030236	R05C01	/Users/abdullahhanif/Documents/Developmet Projects/DNA methylation/data/raw/GSE212682/idats/GSM6543434_203257030236_R05C01
GSM6543457	participant_33B	middle frontal gyrus	MFG	female	90+	2	3	2019_04_16	Batch_5	AD	NA	203293640074	R07C01	/Users/abdullahhanif/Documents/Developmet Projects/DNA methylation/data/raw/GSE212682/idats/GSM6543457_203293640074_R07C01
GSM6543268	participant_4B	middle frontal gyrus	MFG	female	90+	0	3	2019_03_20	Batch_1	Control	NA	203219640161	R02C01	/Users/abdullahhanif/Documents/Developmet Projects/DNA methylation/data/raw/GSE212682/idats/GSM6543268_203219640161_R02C01
GSM6543327	participant_13B	middle frontal gyrus	MFG	female	90+	0	3	2019_03_20	Batch_1	Control	NA	203219650110	R04C01	/Users/abdullahhanif/Documents/Developmet Projects/DNA methylation/data/raw/GSE212682/idats/GSM6543327_203219650110_R04C01
GSM6543347	participant_16B	middle frontal gyrus	MFG	female	90+	0	3	2019_03_20	Batch_1	Control	NA	203219650110	R06C01	/Users/abdullahhanif/Documents/Developmet Projects/DNA methylation/data/raw/GSE212682/idats/GSM6543347_203219650110_R06C01
GSM6543521	participant_41MFG	middle frontal gyrus	MFG	male	90+	0	1	2019_09_12	Batch_16	Control	NA	203774250032	R08C01	/Users/abdullahhanif/Documents/Developmet Projects/DNA methylation/data/raw/GSE212682/idats/GSM6543521_203774250032_R08C01
GSM6543561	participant_47B	middle frontal gyrus	MFG	female	90+	0	2	2019_03_26	Batch_2	Control	NA	203219650066	R08C01	/Users/abdullahhanif/Documents/Developmet Projects/DNA methylation/data/raw/GSE212682/idats/GSM6543561_203219650066_R08C01
