CpG	gene	logFC	delta_beta	AveExpr	t	P.Value	adj.P.Val	B
cg15580874	NA	2.94799110750504	0.21152180471379	-3.04484449930432	13.0847408368804	3.30401025353916e-11	2.69491926730947e-05	-3.14479890174758
cg19575208	NA	2.44441219979885	0.305118241915632	-1.66628496953687	11.3702895153119	3.90660542992551e-10	0.000159321331276209	-3.19842636841872
cg13972202	NA	2.81051264357279	0.353437943474611	-1.5899132784304	10.7941927008594	9.54720894573176e-10	0.000259573017459835	-3.22122729415196
cg08845336	NA	2.28247693888055	0.316707260438691	-1.29768907365364	10.1053536774984	2.91107116279108e-09	0.000593604526250427	-3.25257995932676
cg21887309	NA	-1.44451524588339	-0.0968714002711785	3.11794730939103	-6.47293841608698	2.7204593790406e-06	0.366550164783401	-3.5379023045813
cg10154826	NA	1.43765815462705	0.193095261119988	-1.43549385890905	6.44040276384719	2.91511016548095e-06	0.366550164783401	-3.54180781635928
cg01251434	NA	1.46944481727802	0.130717497247596	-2.51059015670274	6.40462525535341	3.14577086705443e-06	0.366550164783401	-3.54613981365528
cg20757729	NA	-1.54780164791274	-0.21051774757592	1.41117463243301	-6.15020047122839	5.43212588679521e-06	0.434964733631144	-3.57810283160637
cg16513277	NA	-1.50828348596695	-0.105225678784261	2.99425915684763	-6.12600456934186	5.72422879302389e-06	0.434964733631144	-3.58125071525701
cg11530693	NA	-1.41427196233627	-0.0430148523183048	4.42397682525677	-6.0668255917956	6.50857539563448e-06	0.434964733631144	-3.58903107732629
cg20905796	NA	-1.56700921970644	-0.256409309131458	0.363931176745682	-6.05880333121045	6.62308665599468e-06	0.434964733631144	-3.59009470700073
cg06710937	NA	1.69819426479145	0.0903409464476418	-3.56589148509047	6.0404738927924	6.8925470678609e-06	0.434964733631144	-3.59253296091879
cg27381216	NA	1.77832730662805	0.11000223361056	-3.25166031276654	6.03781559933422	6.93255024171475e-06	0.434964733631144	-3.59288750923635
cg16004875	NA	-1.57031558572964	-0.248825142976613	0.617065509331161	-5.97626078478224	7.92857446311556e-06	0.461924977815333	-3.60116373785528
cg06872705	NA	1.71006839461921	0.0994909322293377	-3.41555564060535	5.92699690546667	8.83079455738079e-06	0.480189760768146	-3.60787984226785
cg00772850	NA	-1.42664168189626	-0.096607207361302	3.07697890436114	-5.80405787962822	1.15704790176423e-05	0.589842048826186	-3.62500420022215
cg03964091	NA	2.6230087798405	0.40413380286808	-0.129147862533518	6.23187813258965	1.4282057269693e-05	0.685245546710727	-3.72790266713566
cg11855036	NA	-1.44568316081482	-0.13781176829787	2.42242064187872	-5.66793672406119	1.56379325480027e-05	0.698364131217756	-3.64458371579816
cg01678472	NA	-1.79471563835551	-0.233750640230744	1.44539287603694	-5.66145641933382	1.62678872374795e-05	0.698364131217756	-3.64937277808761
cg01379207	NA	-1.38162856941992	-0.149548931565682	2.08086824223831	-5.60471415236495	1.79992215044628e-05	0.734054150966828	-3.65390331005049
cg10282945	NA	-1.18730009492326	-0.143903463723013	1.74700530851584	-5.5751749648496	1.92245044096213e-05	0.746689821248192	-3.65830741175904
cg01528321	NA	-1.3220701863779	-0.0967259915170897	-2.85628874956156	-5.52345072819646	2.15792773062961e-05	0.80005268700717	-3.66609611113726
cg24609304	NA	-1.50514612803	-0.101459903229904	3.08023647929139	-5.45318433487755	2.52584847542583e-05	0.808151765740946	-3.67683515470354
cg17809345	NA	-1.28820118633816	-0.194074459953799	1.0390904130302	-5.41995583937159	2.72155849786613e-05	0.808151765740946	-3.68197758837444
cg22258758	NA	-1.33476061004595	-0.19296270358323	1.1224893429399	-5.39152319659108	2.9012796967431e-05	0.808151765740946	-3.68641067308325
cg16204475	NA	1.40341827985733	0.0730282933940037	-3.51136407925274	5.37433525262628	3.01575130103032e-05	0.808151765740946	-3.68910528978553
cg06872683	NA	1.33266417806735	0.15085023598754	-1.94121052552132	5.36990749396022	3.04597952182436e-05	0.808151765740946	-3.68980125079361
cg07787354	NA	-1.43528477008586	-0.238283899192311	0.317318591785517	-5.35918472748801	3.12047054815959e-05	0.808151765740946	-3.69148973829328
cg08012981	NA	-1.37609364615602	-0.15400466738813	1.95252966857752	-5.33704142525397	3.28023528252273e-05	0.808151765740946	-3.6949903611258
cg22956410	NA	1.55773573950424	0.143870914214799	-2.30661992152822	5.31643609686964	3.43639292058438e-05	0.808151765740946	-3.69826455713293
cg03162686	NA	-1.56799904265622	-0.0746961419374488	3.6714291047859	-5.31100015774964	3.47883865870434e-05	0.808151765740946	-3.69913102182623
cg08556938	NA	-1.45103232651011	-0.118357300981634	2.761397025402	-5.30063390477733	3.56126932586632e-05	0.808151765740946	-3.70078647651478
cg21846177	NA	1.65711220436031	0.139914928853704	-2.67844091401513	5.29776731432482	3.58441341107177e-05	0.808151765740946	-3.70124498412088
cg27163061	NA	-1.22152544004048	-0.0819159674745569	3.02238607819929	-5.29008313241436	3.64721257127928e-05	0.808151765740946	-3.70247560633211
cg01866959	NA	-1.16401415184832	-0.0311809366615311	4.61039399751366	-5.26627074780902	3.84903372462353e-05	0.808151765740946	-3.70630349222958
cg18581292	NA	-1.63044235765006	-0.0896069091854134	3.53039072264159	-5.25978478082416	3.90595222921132e-05	0.808151765740946	-3.70734988489463
cg09932564	NA	-1.34478608077712	-0.182680987720558	1.36833464881114	-5.25863932947768	3.91609303671054e-05	0.808151765740946	-3.70753485014552
cg22518745	NA	-1.17660845545073	-0.104816689848698	2.5604240927386	-5.25258960146824	3.9700985741811e-05	0.808151765740946	-3.7085125831787
cg03595383	NA	-1.21105904643119	-0.143766573427348	1.83384481898953	-5.24290763428201	4.05811241110564e-05	0.808151765740946	-3.71008026728158
cg12155443	NA	-1.68755136203813	-0.0550344776389736	4.49989627931715	-5.24920144240549	4.22219615521026e-05	0.808151765740946	-3.71754544204547
cg13445984	NA	-1.05925326090037	-0.0700382042073563	3.06863350679524	-5.22349838144928	4.24058574503631e-05	0.808151765740946	-3.71323382511353
cg15721142	NA	-1.28849263189721	-0.110244433962819	2.65950514793655	-5.21963399359463	4.277902293195e-05	0.808151765740946	-3.71386343027614
cg08063724	NA	1.3586337884027	0.0825360828505647	-3.20700582967386	5.20781596941861	4.39411153667078e-05	0.808151765740946	-3.71579245311295
cg27392815	NA	-1.2669977345827	-0.054580740539368	3.81912046305469	-5.20115489010423	4.4610226916452e-05	0.808151765740946	-3.71688209680845
cg07242196	NA	-1.13879354794697	-0.0713662010881208	3.18295714104956	-5.17519331752527	4.73186299984942e-05	0.808151765740946	-3.72114535226749
cg18368637	NA	-1.30277744710478	-0.182170038393431	1.26212855604817	-5.16271438296534	4.86794626022031e-05	0.808151765740946	-3.72320385506906
cg03063185	NA	1.08085521878737	0.134701070937723	-1.66067060118076	5.16199788109754	4.87587958749232e-05	0.808151765740946	-3.72332223124087
cg27082223	NA	-1.22358807754696	-0.202862076402107	0.382993988942626	-5.13625764750488	5.16978280388077e-05	0.808151765740946	-3.72758810162933
cg22381154	NA	-2.02677482045426	-0.326216097182275	-0.459828311439382	-5.36201952159123	5.18995959587571e-05	0.808151765740946	-3.76973565996037
cg27573735	NA	-1.77866420958095	-0.179739691688103	2.35213215133255	-5.21731712032115	5.25497458643868e-05	0.808151765740946	-3.74563943813784
cg21833459	NA	1.23809857047372	0.0710252531929912	-3.31247421389151	5.12638042358404	5.2872913336687e-05	0.808151765740946	-3.72923187118289
cg18821137	NA	-1.1822989384972	-0.0556404041624229	3.65087435822355	-5.11931504238322	5.37301135770147e-05	0.808151765740946	-3.73041002422701
cg14610776	NA	-1.51609643019613	-0.0389056301292765	4.79724676383396	-5.08213269151134	5.8479817081218e-05	0.808151765740946	-3.73664228192923
cg09632029	NA	-1.45475565402867	-0.0273031413161871	5.21377166900478	-5.04488721288206	6.36661778587919e-05	0.808151765740946	-3.74293935054097
cg10482508	NA	1.36846487225536	0.150338735920421	-1.92585026902751	5.04425951705923	6.37574791411047e-05	0.808151765740946	-3.74304594085992
cg10620866	NA	-1.55832131217122	-0.0634018497528777	3.85652269169563	-5.03230987716124	6.5521212994164e-05	0.808151765740946	-3.74507808574252
cg08835041	NA	-1.76473907898895	-0.286488802362866	-0.032155057464994	-5.09804075611058	7.09516788228491e-05	0.808151765740946	-3.77015504559157
cg25679743	NA	-1.37027300935749	-0.0548772264197951	4.03568017141191	-4.98906050152944	7.23296824153938e-05	0.808151765740946	-3.75248000287044
cg21377881	NA	-1.30994222561765	-0.060106618522414	3.71558804998935	-4.97716667964737	7.43250907755196e-05	0.808151765740946	-3.754528499975
cg14517917	NA	1.1174340980006	0.0765593015539606	-3.08586187052752	4.97684022144681	7.43806414800861e-05	0.808151765740946	-3.75458480529293
cg04033021	NA	-1.16484314513661	-0.122366986133053	2.18392649712851	-4.97134740529028	7.532165605258e-05	0.808151765740946	-3.75553280066865
cg11240425	NA	1.72555994237606	0.0903238329661458	-3.6038361157082	5.04905076996924	7.63598077653043e-05	0.808151765740946	-3.77254170620961
cg25302189	NA	1.32338068269549	0.118844332470723	-2.4111142756008	4.96077254141272	7.71674901119943e-05	0.808151765740946	-3.75736125508189
cg02908282	NA	1.27901787426575	0.188623146874428	1.1006247379677	4.95908213741177	7.74667773771235e-05	0.808151765740946	-3.75765394546976
cg15812469	NA	1.41909245082179	0.140205612178644	-2.17976871642069	4.9544174847379	7.82987840226172e-05	0.808151765740946	-3.75846220790729
cg10081115	NA	-1.95730467045226	-0.173232753259211	2.40438486311208	-5.15729671826606	8.00628571671497e-05	0.808151765740946	-3.79930064984507
cg18013249	NA	-1.07251793841121	-0.07274341029689	3.06792133297291	-4.93415028762666	8.20203587348438e-05	0.808151765740946	-3.76198398379239
cg00146249	NA	-1.05770627378979	-0.0429825931735283	3.93854642960446	-4.93170797233606	8.24807879685507e-05	0.808151765740946	-3.76240947669009
cg01414886	NA	-1.13668357260215	-0.0391097273623096	4.23198416839609	-4.92588269834684	8.35895950850367e-05	0.808151765740946	-3.76342529299735
cg08905347	NA	-1.36728791665859	-0.21057546323576	0.770292691572149	-4.90360289269239	8.7971817896334e-05	0.808151765740946	-3.76732288253812
cg07211511	NA	-1.51416347275918	-0.154861724187396	2.30397716401169	-4.90252281220688	8.81900878250387e-05	0.808151765740946	-3.76751233057465
cg07948841	NA	-0.967507688862884	-0.136758709893153	1.30823499411792	-4.89864872467836	8.89775183674463e-05	0.808151765740946	-3.76819223350483
cg10030658	NA	1.16034039239121	0.100948899489236	2.57800160741869	4.8951750586956	8.96896235164858e-05	0.808151765740946	-3.76880236928248
cg18221983	NA	-1.45168571772098	-0.0962492370154228	3.19964765282173	-4.8702516259002	9.49713808333571e-05	0.808151765740946	-3.77319413734674
cg10192038	NA	-0.962742229055648	-0.140078538634162	1.19786919334745	-4.86256301642326	9.66635837056112e-05	0.808151765740946	-3.77455393683097
cg01624645	NA	-1.45245106233796	-0.0571922309053462	4.06824725958962	-4.8496230950811	9.95808758444247e-05	0.808151765740946	-3.77684779101066
cg21944749	NA	1.31348637512181	0.053656128580083	-3.9499809176988	4.84786632571411	9.99837606108257e-05	0.808151765740946	-3.77715972686338
cg19575366	NA	-1.11598299952652	-0.164275129285816	1.16136003576808	-4.84650884094529	0.000100296207608053	0.808151765740946	-3.77740084906578
cg23766756	NA	1.11337825486562	0.0415481611798528	-4.06658740181362	4.83637274046663	0.000102660694682798	0.808151765740946	-3.77920358724292
cg14647877	NA	-1.12427824448523	-0.186741131767877	0.464491422964053	-4.83360384201343	0.000103316376363941	0.808151765740946	-3.7796967568371
cg10418144	NA	-1.15230848638936	-0.168410294235547	1.09572588138768	-4.831521012889	0.000103812390772837	0.808151765740946	-3.78006793177925
cg18583094	NA	-1.13104059336552	-0.112117690126816	2.28167669044386	-4.8290813488179	0.000104396453240505	0.808151765740946	-3.78050291719419
cg13710925	NA	-1.1464989338935	-0.156225714088336	1.42019004594986	-4.82316813807125	0.000105825947525017	0.808151765740946	-3.78155821126353
cg05660681	NA	-1.36785968064971	-0.172591693223158	1.53851148654338	-4.81539429315988	0.000107735468146209	0.808151765740946	-3.78294768319051
cg00512985	NA	1.04853025643763	0.129928889508507	-1.71569745958536	4.80434310995511	0.000110510268956966	0.808151765740946	-3.78492708657043
cg17480035	NA	-3.6990707046132	-0.52240926861054	0.0305974945584283	-5.90278760661939	0.000112478452701487	0.808151765740946	-3.94819757977263
cg18436491	NA	-1.11595740650195	-0.0457846988497985	3.9550010931188	-4.79404869516761	0.000113160166557707	0.808151765740946	-3.78677532929714
cg17886715	NA	-1.05968287011612	-0.169790376645116	0.702315704399069	-4.78695302443004	0.000115024056502838	0.808151765740946	-3.78805173851045
cg23575668	NA	-1.53140361436368	-0.0517600803353433	4.32303753751656	-4.76853666500135	0.000125078374114417	0.808151765740946	-3.79809882770909
cg09401705	NA	-1.15399235361931	-0.175824976817374	0.97681993023253	-4.74703309317836	0.000126105084152049	0.808151765740946	-3.795270263513
cg26336773	NA	-1.14832749785026	-0.115147310303973	2.23644102099481	-4.74366182724441	0.000127089000146685	0.808151765740946	-3.7958827908883
cg00746487	NA	-1.29547597249186	-0.0837217695033783	3.11044176812607	-4.72437011151742	0.000132870697382456	0.808151765740946	-3.79939666112362
cg16491185	NA	-1.37857964160856	-0.0689459359716211	3.64736672320732	-4.71321434864844	0.000136334795113096	0.808151765740946	-3.80143541347172
cg15590217	NA	1.29706487932372	0.0762703343094704	-3.21118996210333	4.71207499934131	0.000136693690268596	0.808151765740946	-3.80164391369688
cg04220830	NA	-1.00142967518635	-0.113129368626415	1.94414921454734	-4.69594011353616	0.000141880005130214	0.808151765740946	-3.80460216777828
cg08344493	NA	-1.06365507998843	-0.157727068112772	1.11128964308186	-4.69319042800534	0.000142783498316262	0.808151765740946	-3.80510734914118
cg26582729	NA	-1.21973845961197	-0.188201380733751	0.938670456407497	-4.68940909079204	0.000144035483550102	0.808151765740946	-3.8058025635069
cg23938213	NA	1.06290741460484	0.0423138365283777	-3.93354101766366	4.67254409531355	0.000149756002586906	0.808151765740946	-3.80891023545685
cg18065174	NA	-1.08034330780186	-0.0492373394564616	3.74690594248511	-4.67203996791674	0.000149930492036487	0.808151765740946	-3.80900330516771
cg26224339	NA	-1.24813051734399	-0.0437968135462212	4.22226123523108	-4.66787631791203	0.000151379503881203	0.808151765740946	-3.80977236860688
