pc	variable	p_value	note	FDR
PC1	diagnosis	NA	constant	NA
PC1	sex	NA	constant	NA
PC1	batch	NA	constant	NA
PC1	bisulfite_batch	NA	constant	NA
PC2	diagnosis	NA	constant	NA
PC2	sex	NA	constant	NA
PC2	batch	NA	constant	NA
PC2	bisulfite_batch	NA	constant	NA
PC3	diagnosis	NA	constant	NA
PC3	sex	NA	constant	NA
PC3	batch	NA	constant	NA
PC3	bisulfite_batch	NA	constant	NA
PC4	diagnosis	NA	constant	NA
PC4	sex	NA	constant	NA
PC4	batch	NA	constant	NA
PC4	bisulfite_batch	NA	constant	NA
PC5	diagnosis	NA	constant	NA
PC5	sex	NA	constant	NA
PC5	batch	NA	constant	NA
PC5	bisulfite_batch	NA	constant	NA
