sample_id	PC1	PC2	PC3	diagnosis	sex	batch	bisulfite_batch
GSM6543311_203293640029_R06C01	-21.0230546121996	20.2650000398814	-15.8291655190331	NA	NA	NA	NA
GSM6543361_203219720212_R08C01	-81.5288960931915	68.453647958036	-37.321700986401	NA	NA	NA	NA
GSM6543416_203257030236_R06C01	7.38993783111702	-61.0477915753228	-10.2192579943509	NA	NA	NA	NA
GSM6543434_203257030236_R05C01	-14.9782962415386	-46.043577599593	-15.6404004167033	NA	NA	NA	NA
GSM6543457_203293640074_R07C01	67.1612947187829	11.7110918498649	-0.213345515462747	NA	NA	NA	NA
GSM6543268_203219640161_R02C01	-10.2295971504366	37.9268332632844	7.72065367884866	NA	NA	NA	NA
GSM6543327_203219650110_R04C01	46.7841666379453	1.45029300588803	7.15629133811382	NA	NA	NA	NA
GSM6543347_203219650110_R06C01	123.310052909628	30.0791370056493	17.0479674066538	NA	NA	NA	NA
GSM6543521_203774250032_R08C01	-20.1330571695759	-58.5039106430667	-16.9892231438513	NA	NA	NA	NA
GSM6543561_203219650066_R08C01	-96.7525508305314	-4.29072330462095	64.2881811521857	NA	NA	NA	NA
