sample_id	diagnosis	mean_detection_p	qc_threshold	qc_status
GSM6543311	AD	0.000293319757440781	0.01	pass
GSM6543361	AD	0.000449469807593788	0.01	pass
GSM6543416	AD	0.000329170024833533	0.01	pass
GSM6543434	AD	0.000319037458791457	0.01	pass
GSM6543457	AD	0.000274595471827628	0.01	pass
GSM6543268	Control	0.000272672701229922	0.01	pass
GSM6543327	Control	0.000273757978046971	0.01	pass
GSM6543347	Control	0.000277069249885148	0.01	pass
GSM6543521	Control	0.00021091692035235	0.01	pass
GSM6543561	Control	0.000714145390168389	0.01	pass
